{
  "project_info": {
    "project_number": "802969262449",
    "firebase_url": "https://bwms-asv18.firebaseio.com",
    "project_id": "bwms-asv18",
    "storage_bucket": "bwms-asv18.appspot.com"
  },
  "client": [
    {
      "client_info": {
        "mobilesdk_app_id": "1:802969262449:android:c4d28441a442ee63",
        "android_client_info": {
          "package_name": "com.example.vikash.bwms"
        }
      },
      "oauth_client": [
        {
          "client_id": "802969262449-dgj7ns6npqqanl462v7rml2rs6os34le.apps.googleusercontent.com",
          "client_type": 1,
          "android_info": {
            "package_name": "com.example.vikash.bwms",
            "certificate_hash": "bbf825ace8fdaff983b35d53a410bd3b362edbb0"
          }
        },
        {
          "client_id": "802969262449-k5dr1jdlgq7prg9cemesb0gi9np1sj6u.apps.googleusercontent.com",
          "client_type": 3
        }
      ],
      "api_key": [
        {
          "current_key": "AIzaSyACFVeOKubD5uuBqIQp3nsqCcWD6-5sRb0"
        }
      ],
      "services": {
        "appinvite_service": {
          "other_platform_oauth_client": [
            {
              "client_id": "802969262449-k5dr1jdlgq7prg9cemesb0gi9np1sj6u.apps.googleusercontent.com",
              "client_type": 3
            }
          ]
        }
      }
    }
  ],
  "configuration_version": "1"
}